url,label
https://www.google.com,good
https://www.microsoft.com,good
https://www.amazon.com,good
https://www.facebook.com,good
https://www.twitter.com,good
https://www.linkedin.com,good
https://www.github.com,good
https://www.stackoverflow.com,good
https://www.reddit.com,good
https://www.wikipedia.org,good
https://www.netflix.com,good
https://www.apple.com,good
https://www.youtube.com,good
https://www.instagram.com,good
https://www.paypal.com,good
https://www.ebay.com,good
https://www.adobe.com,good
https://www.dropbox.com,good
https://www.salesforce.com,good
https://www.oracle.com,good
https://www.ibm.com,good
https://www.cisco.com,good
https://www.dell.com,good
https://www.hp.com,good
https://www.intel.com,good
https://www.nvidia.com,good
https://www.amd.com,good
https://www.samsung.com,good
https://www.sony.com,good
https://www.nike.com,good
https://www.adidas.com,good
https://www.walmart.com,good
https://www.target.com,good
https://www.bestbuy.com,good
https://www.homedepot.com,good
https://www.lowes.com,good
https://www.macys.com,good
https://www.nordstrom.com,good
https://www.kohls.com,good
https://www.jcpenney.com,good
https://www.ikea.com,good
https://www.zara.com,good
https://www.hm.com,good
https://www.gap.com,good
https://www.oldnavy.com,good
https://www.forever21.com,good
https://www.urbanoutfitters.com,good
https://www.anthropologie.com,good
https://www.freepeople.com,good
https://www.asos.com,good
https://www.zalando.com,good
https://www.booking.com,good
https://www.airbnb.com,good
https://www.expedia.com,good
https://www.tripadvisor.com,good
https://www.hotels.com,good
https://www.kayak.com,good
https://www.skyscanner.com,good
https://www.united.com,good
https://www.delta.com,good
https://www.southwest.com,good
https://www.americanairlines.com,good
https://www.jetblue.com,good
https://www.spirit.com,good
https://www.ryanair.com,good
https://www.easyjet.com,good
https://www.emirates.com,good
https://www.qantas.com,good
https://www.airfrance.com,good
https://www.lufthansa.com,good
https://www.britishairways.com,good
https://www.klm.com,good
https://www.alitalia.com,good
https://www.iberia.com,good
https://www.turkishairlines.com,good
https://www.singaporeair.com,good
https://www.cathaypacific.com,good
https://www.ana.co.jp,good
https://www.jal.co.jp,good
https://www.aircanada.com,good
https://www.westjet.com,good
https://www.aeromexico.com,good
https://www.copa.com,good
https://www.latam.com,good
https://www.avianca.com,good
https://www.gol.com.br,good
https://www.azul.com.br,good
https://www.tam.com.br,good
https://www.etihad.com,good
https://www.qatar.com,good
https://www.saudia.com,good
https://www.royaljordanian.com,good
https://www.egyptair.com,good
https://www.ethiopianairlines.com,good
https://www.kenyaairways.com,good
https://www.southafrican.com,good
https://www.airasia.com,good
https://www.tigerair.com,good
https://www.scoot.com,good
https://www.vietjetair.com,good
https://www.lionair.co.id,good
https://www.garuda-indonesia.com,good
https://www.philippineairlines.com,good
https://www.thaiairways.com,good
https://www.malaysiaairlines.com,good
https://www.koreanair.com,good
https://www.asiana.com,good
https://www.chinasouthern.com,good
https://www.chinaeastern.com,good
https://www.airchina.com.cn,good
https://www.hainanairlines.com,good
https://www.cebu-pacificair.com,good
https://www.bangkokair.com,good
https://www.noktaair.com,good
https://www.pegasusairlines.com,good
https://www.sunexpress.com,good
https://www.onur.com.tr,good
https://www.flynas.com,good
https://www.flydubai.com,good
https://www.airasia.com,good
https://www.indigo.in,good
https://www.goindigo.in,good
https://www.spicejet.com,good
https://www.airindia.in,good
https://www.vistara.com,good
https://www.goair.in,good
https://www.jetairways.com,good
https://www.srilankan.com,good
https://www.bangladeshairlines.com,good
https://www.nepalairlines.com.np,good
https://www.drukair.com.bt,good
https://www.maldivian.aero,good
https://www.pacificairlines.com.vn,good
https://www.vietnamairlines.com,good
https://www.airfrance.fr,good
https://www.klm.nl,good
https://www.swiss.com,good
https://www.austrian.com,good
https://www.brussels-airlines.com,good
https://www.scandinavian.net,good
https://www.finnair.com,good
https://www.icelandair.com,good
https://www.wowair.is,good
https://www.norwegian.com,good
https://www.flybe.com,good
https://www.aerlinguS.com,good
https://www.tap.pt,good
https://www.aireuropa.com,good
https://www.vueling.com,good
https://www.transavia.com,good
https://www.wizz-air.com,good
https://www.blueair.com,good
https://www.tarom.ro,good
https://www.lot.com,good
https://www.czechairlines.com,good
https://www.smartwings.com,good
https://www.croatia-airlines.hr,good
https://www.adria.si,good
https://www.montenegroairlines.com,good
https://www.airserbia.com,good
https://www.bulgariaair.com,good
https://www.aegeanair.com,good
https://www.olympicair.com,good
https://www.cyprusairways.com,good
https://www.elal.com,good
https://www.arkia.com,good
https://www.up.co.il,good
https://www.flygeorgia.com,good
https://www.armenianairways.com,good
https://www.uzbekistanairways.com,good
https://www.turkmenistanairlines.com,good
https://www.tajikair.com,good
https://www.kyrgyzstan.com,good
https://www.scat.kz,good
https://www.airastana.com,good
https://www.aeroflot.ru,good
https://www.s7.ru,good
https://www.utair.ru,good
https://www.nordwind.ru,good
https://www.pobeda.aero,good
https://www.ural-airlines.ru,good
https://www.azur-air.ru,good
https://www.vim-avia.com,good
https://www.ifly.org,good
https://www.nordavia.ru,good
https://www.yakutia.aero,good
https://www.alrosa.aero,good
https://www.angara.aero,good
https://www.irAero.ru,good
https://www.smartavia.ru,good
https://www.azimuth.aero,good
https://www.redwings.ru,good
https://www.royalflight.ru,good
https://www.pegas-fly.ru,good
https://www.nordstar.ru,good
https://www.aurora-airlines.ru,good
https://www.satena.com,good
https://www.tame.com.ec,good
https://www.boa.bo,good
https://www.amazonas.com.br,good
https://www.aviancabrasil.com.br,good
https://www.passaredo.com.br,good
https://www.voeazul.com.br,good
https://www.voegol.com.br,good
https://www.latamairlines.com,good
https://www.skyairline.com,good
https://www.jetsmart.com,good
https://www.peruvian.pe,good
https://www.starpperu.com,good
https://www.vivaair.com,good
https://www.viva-aerobus.com,good
https://www.volaris.com,good
https://www.interjet.com,good
https://www.aeromar.com.mx,good
https://www.magnicharters.com,good
https://www.calafia.com.mx,good
https://www.caribair.com,good
https://www.bahamasair.com,good
https://www.flycayman.com,good
https://www.jamaicaair.com,good
https://www.caribbean-airlines.com,good
https://www.liat.com,good
https://www.inselair.an,good
https://www.winair.sx,good
https://www.airantilles.com,good
https://www.aircaraibes.com,good
https://www.corsair.fr,good
https://www.frenchbee.com,good
https://www.laccompagnie.com,good
https://www.level.com,good
https://www.norwegian.com,good
https://www.wow-air.us,good
https://www.jetblue.com,good
https://www.frontierairlines.com,good
https://www.allegiantair.com,good
https://www.sunCountry.com,good
https://www.hawaiianairlines.com,good
https://www.alaskaair.com,good
https://www.horizonair.com,good
https://www.expressjet.com,good
https://www.endeavorair.com,good
https://www.envoyair.com,good
https://www.psa-airlines.com,good
https://www.piedmont-airlines.com,good
https://www.republicairways.com,good
https://www.skywest.com,good
https://www.commutair.com,good
https://www.airwis.com,good
https://www.gojetairlines.com,good
https://www.mesaair.com,good
https://www.transStatesairlines.com,good
https://www.compass-airlines.com,good
https://www.shuttle-america.com,good
https://www.chautauqua-airlines.com,good
https://www.great-lakes.com,good
https://www.boutique-air.com,good
https://www.southern-airways.com,good
https://www.key-lime.com,good
https://www.silver-airways.com,good
https://www.seaborne.com,good
https://www.capemair.com,good
https://www.nantucket.net,good
https://www.island-air.com,good
https://www.ohana.com,good
https://www.mokulele.com,good
https://www.pacific-wings.com,good
https://www.penair.com,good
https://www.ravena-laska.com,good
https://www.ryan-air.com,good
https://www.grant-aviation.com,good
https://www.hageland.com,good
https://www.wright-air.com,good
https://www.bering-air.com,good
https://www.arctic-air.com,good
https://www.warbelow.com,good
https://www.everts.com,good
https://www.northernpacific.com,good
https://www.air-north.com,good
https://www.canadiannorth.com,good
https://www.calm-air.com,good
https://www.nolinor.com,good
https://www.pascan.com,good
https://www.airinuit.com,good
https://www.firstair.ca,good
https://www.porter.com,good
https://www.sunwing.ca,good
https://www.transat.com,good
https://www.airverte.com,good
https://www.skynorth.ca,good
https://www.provincial.com,good
https://www.centralmountain.ca,good
https://www.pacificcoastal.com,good
https://www.harbourair.com,good
https://www.saltspring.com,good
https://www.helijet.com,good
https://www.islandexpress.ca,good
https://www.kenmore-air.com,good
https://www.sanjuan-airlines.com,good
http://paypal-verify.account-secure.xyz,bad
http://amazon-signin.customer-support.tk,bad
http://192.168.1.1/phish/login.php,bad
http://secure-login.paypal.verify-account.ml,bad
http://apple-id.secure.login.gq,bad
http://microsoft-account.recovery.pw,bad
http://netflix-billing.update-payment.cf,bad
http://facebook-security.verify-identity.ga,bad
http://google-account.suspicious-activity.top,bad
http://instagram-verify.account-suspended.click,bad
http://twitter-security.unusual-activity.xyz,bad
http://linkedin-premium.billing-issue.tk,bad
http://ebay-seller.payment-required.pw,bad
http://paypal.com-secure.verify.account-update.ml,bad
http://amazon.com-customer.billing-problem.gq,bad
http://apple.com-icloud.account-locked.cf,bad
http://microsoft.com-office.license-expired.ga,bad
http://netflix.com-account.payment-declined.top,bad
http://facebook.com-support.security-check.click,bad
http://google.com-drive.storage-full.xyz,bad
http://instagram.com-help.copyright-violation.tk,bad
http://twitter.com-support.verify-badge.pw,bad
http://linkedin.com-jobs.premium-trial.ml,bad
http://ebay.com-motors.seller-invoice.gq,bad
http://chase.com-secure.account-locked.cf,bad
http://bankofamerica.com-online.verify-identity.ga,bad
http://wellsfargo.com-secure.unusual-activity.top,bad
http://citibank.com-online.account-suspended.click,bad
http://usbank.com-verify.security-alert.xyz,bad
http://pnc.com-banking.identity-verification.tk,bad
http://capitalone.com-secure.account-review.pw,bad
http://discover.com-card.fraud-alert.ml,bad
http://americanexpress.com-services.verify-charges.gq,bad
http://barclays.com-online.account-locked.cf,bad
http://hsbc.com-secure.identity-check.ga,bad
http://santander.com-banking.verify-account.top,bad
http://natwest.com-online.security-update.click,bad
http://lloyds.com-banking.account-suspended.xyz,bad
http://rbs.com-secure.verify-identity.tk,bad
http://halifax.com-online.unusual-activity.pw,bad
http://tsb.com-banking.account-locked.ml,bad
http://nationwide.com-secure.security-check.gq,bad
http://metrobank.com-online.verify-account.cf,bad
http://commbank.com-secure.account-review.ga,bad
http://westpac.com-banking.identity-verification.top,bad
http://anz.com-online.account-suspended.click,bad
http://nab.com-secure.security-alert.xyz,bad
http://bmo.com-banking.verify-identity.tk,bad
http://rbc.com-online.account-locked.pw,bad
http://td.com-secure.unusual-activity.ml,bad
http://scotiabank.com-banking.verify-account.gq,bad
http://cibc.com-online.security-update.cf,bad
http://tangerine.com-secure.account-suspended.ga,bad
http://ing.com-banking.identity-check.top,bad
http://abn-amro.com-online.verify-account.click,bad
http://rabobank.com-secure.account-review.xyz,bad
http://deutsche-bank.com-banking.identity-verification.tk,bad
http://commerzbank.com-online.account-suspended.pw,bad
http://postbank.com-secure.security-alert.ml,bad
http://bnp-paribas.com-banking.verify-identity.gq,bad
http://credit-agricole.com-online.account-locked.cf,bad
http://societe-generale.com-secure.unusual-activity.ga,bad
http://credit-mutuel.com-banking.verify-account.top,bad
http://banque-populaire.com-online.security-update.click,bad
http://caisse-epargne.com-secure.account-suspended.xyz,bad
http://unicredit.com-banking.identity-check.tk,bad
http://intesa-sanpaolo.com-online.verify-account.pw,bad
http://ubi-banca.com-secure.account-review.ml,bad
http://monte-paschi.com-banking.identity-verification.gq,bad
http://banco-santander.com-online.account-suspended.cf,bad
http://bbva.com-secure.security-alert.ga,bad
http://caixabank.com-banking.verify-identity.top,bad
http://bankia.com-online.account-locked.click,bad
http://sabadell.com-secure.unusual-activity.xyz,bad
http://bankinter.com-banking.verify-account.tk,bad
http://popular.com-online.security-update.pw,bad
http://kutxabank.com-secure.account-suspended.ml,bad
http://liberbank.com-banking.identity-check.gq,bad
http://unicaja.com-online.verify-account.cf,bad
http://cajamar.com-secure.account-review.ga,bad
http://abanca.com-banking.identity-verification.top,bad
http://paypal-security-check.verify.now.xyz,bad
http://amazon-account.suspended.urgent.tk,bad
http://apple-icloud.storage.upgrade.pw,bad
http://microsoft-windows.license.activate.ml,bad
http://netflix-payment.declined.update.gq,bad
http://facebook-copyright.violation.appeal.cf,bad
http://google-adsense.payment.ready.ga,bad
http://instagram-verified.badge.apply.top,bad
http://twitter-blue.subscription.free.click,bad
http://linkedin-recruiter.premium.trial.xyz,bad
http://ebay-refund.claim.process.tk,bad
http://dropbox-storage.upgrade.offer.pw,bad
http://adobe-creative.cloud.verify.ml,bad
http://spotify-premium.free.trial.gq,bad
http://youtube-monetization.enable.now.cf,bad
http://tiktok-verification.badge.get.ga,bad
http://snapchat-premium.unlock.free.top,bad
http://whatsapp-gold.download.now.click,bad
http://telegram-premium.activate.free.xyz,bad
http://discord-nitro.free.claim.tk,bad
http://twitch-partnership.apply.now.pw,bad
http://reddit-gold.free.trial.ml,bad
http://pinterest-business.verify.account.gq,bad
http://tumblr-verification.badge.apply.cf,bad
http://flickr-pro.subscription.free.ga,bad
http://vimeo-plus.upgrade.offer.top,bad
http://soundcloud-pro.unlimited.trial.click,bad
http://deezer-premium.free.activate.xyz,bad
http://tidal-hifi.subscription.trial.tk,bad
http://pandora-plus.upgrade.now.pw,bad
http://iheart-radio.premium.free.ml,bad
http://tunein-premium.trial.offer.gq,bad
http://audible-membership.free.trial.cf,bad
http://kindle-unlimited.subscription.free.ga,bad
http://prime-video.membership.trial.top,bad
http://hbo-max.subscription.free.click,bad
http://disney-plus.trial.activate.xyz,bad
http://hulu-premium.subscription.free.tk,bad
http://peacock-tv.premium.trial.pw,bad
http://paramount-plus.subscription.free.ml,bad
http://showtime-anytime.trial.activate.gq,bad
http://starz-play.subscription.free.cf,bad
http://epix-now.trial.offer.ga,bad
http://crunchyroll-premium.free.trial.top,bad
http://funimation-premium.subscription.free.click,bad
http://vrv-premium.trial.activate.xyz,bad
http://shudder-premium.subscription.free.tk,bad
http://britbox-subscription.trial.offer.pw,bad
http://acorn-tv.premium.free.ml,bad
http://mubi-subscription.trial.activate.gq,bad
http://curiosity-stream.premium.free.cf,bad
http://masterclass-all-access.trial.ga,bad
http://skillshare-premium.subscription.free.top,bad
http://udemy-business.trial.activate.click,bad
http://coursera-plus.subscription.free.xyz,bad
http://linkedin-learning.premium.trial.tk,bad
http://pluralsight-premium.subscription.free.pw,bad
http://datacamp-unlimited.trial.activate.ml,bad
http://codecademy-pro.subscription.free.gq,bad
http://treehouse-premium.trial.offer.cf,bad
http://lynda-premium.subscription.free.ga,bad
http://edx-verified.certificate.free.top,bad
http://khan-academy.premium.trial.click,bad
http://brilliant-premium.subscription.free.xyz,bad
http://duolingo-plus.trial.activate.tk,bad
http://babbel-subscription.premium.free.pw,bad
http://rosetta-stone.lifetime.access.ml,bad
http://memrise-pro.subscription.free.gq,bad
http://busuu-premium.trial.activate.cf,bad
http://lingoda-sprint.registration.free.ga,bad
http://italki-credits.bonus.claim.top,bad
http://verbling-credits.free.trial.click,bad
http://preply-tutor.verification.apply.xyz,bad
http://cambly-unlimited.subscription.free.tk,bad
http://engvid-premium.trial.activate.pw,bad
http://grammarly-premium.subscription.free.ml,bad
http://hemingway-editor.pro.upgrade.gq,bad
http://prowritingaid-lifetime.access.offer.cf,bad
http://scrivener-license.discount.claim.ga,bad
http://ulysses-subscription.free.trial.top,bad
http://bear-pro.subscription.activate.click,bad
http://notion-personal-pro.upgrade.free.xyz,bad
http://evernote-premium.trial.activate.tk,bad
http://onenote-premium.subscription.free.pw,bad
http://simplenote-premium.trial.offer.ml,bad
http://google-keep.unlimited.storage.gq,bad
http://apple-notes.premium.features.cf,bad
http://dropbox-paper.business.trial.ga,bad
http://trello-gold.subscription.free.top,bad
http://asana-premium.trial.activate.click,bad
http://monday.com-enterprise.free.trial.xyz,bad
http://clickup-unlimited.subscription.free.tk,bad
http://basecamp-business.trial.activate.pw,bad
http://slack-enterprise.free.trial.ml,bad
http://microsoft-teams.premium.trial.gq,bad
http://zoom-business.subscription.free.cf,bad
http://google-meet.enterprise.trial.ga,bad
http://webex-meetings.premium.free.top,bad
http://gotomeeting-business.trial.click,bad
http://bluejeans-enterprise.subscription.free.xyz,bad
http://ringcentral-office.trial.activate.tk,bad
http://8x8-x-series.premium.free.pw,bad
http://vonage-business.subscription.trial.ml,bad
http://grasshopper-premium.free.trial.gq,bad
http://line2-business.subscription.activate.cf,bad
http://----secure-paypal.verify.account.xyz,bad
http://www.paypal.com--secure--login.tk,bad
http://paypal.com.secure.verify.ml,bad
http://secure.paypal.account-verify.gq,bad
http://paypal.verify.account.login.cf,bad
http://amazon.com.customer.verify.ga,bad
http://www.amazon.com--signin.top,bad
http://signin.amazon.account.click,bad
http://amazon.com.billing.update.xyz,bad
http://customer.amazon.com.verify.tk,bad
http://apple.com.icloud.locked.pw,bad
http://www.apple.com--support.ml,bad
http://appleid.icloud.verify.gq,bad
http://support.apple.account.cf,bad
http://icloud.com.storage.full.ga,bad
http://microsoft.com.office.activate.top,bad
http://www.microsoft.com--login.click,bad
http://office365.microsoft.verify.xyz,bad
http://account.microsoft.suspended.tk,bad
http://onedrive.microsoft.storage.pw,bad
http://192.168.0.1/admin/login.php?redirect=http://evil.com,bad
http://10.0.0.1/router/setup.php@phishing.xyz,bad
http://172.16.0.1/config/admin.php?user=admin&pass=,bad
http://127.0.0.1:8080/login@malicious-site.com,bad
http://89.123.45.67/secure/paypal.com/verify.php,bad
http://203.45.67.89/amazon/signin/account.php,bad
http://156.78.90.12/apple-id/verify/icloud.php,bad
http://45.67.89.123/microsoft/office/activate.php,bad
http://78.90.123.45/netflix/billing/update.php,bad
http://123.45.67.89/facebook/security/verify.php,bad
http://secure--paypal--account.verify.now.xyz,bad
http://accounts-google.com.verify.security.tk,bad
http://vérify-àpple-id.com,bad
http://pаypal.com/signin,bad
http://facebo0k.com/login,bad
http://g00gle.com/accounts,bad
http://amaz0n.com/signin,bad
http://micr0soft.com/office,bad
http://netfIix.com/billing,bad
http://instаgram.com/verify,bad
http://linkedln.com/jobs,bad
http://tw1tter.com/security,bad
http://paypaI.com/secure,bad
http://goog1e.com/drive,bad
http://app1e.com/icloud,bad
http://micosoft.com/login,bad
http://netflx.com/account,bad
http://facebok.com/support,bad
http://gogle.com/mail,bad
http://amzon.com/customer,bad
http://yahоo.com/mail,bad
http://outlo0k.com/signin,bad
http://xn--pple-43d.com/verify,bad
http://xn--paypal-r63b.com/signin,bad
http://xn--google-wmc.com/accounts,bad
http://xn--facebook-m8a.com/login,bad
http://xn--amazon-3ve.com/customer,bad
http://random123string456test789.xyz/login.php,bad
http://asdfghjklqwertyuiopzxcvbnm.tk/verify.php,bad
http://qwerty12345asdfgh67890zxcvb.pw/signin.php,bad
http://lkjhgfdsa0987654321mnbvcxz.ml/account.php,bad
http://zaq1xsw2cde3vfr4bgt5nhy6mju7.gq/secure.php,bad
http://paypal-verify-account-security-check-required-action-needed.xyz,bad
http://amazon-customer-service-billing-payment-method-update-required.tk,bad
http://apple-icloud-storage-full-upgrade-now-limited-time-offer.pw,bad
http://microsoft-office-365-license-expired-renew-subscription-immediately.ml,bad
http://netflix-payment-declined-update-billing-information-avoid-suspension.gq,bad
http://secure.payment.update.verify.account.paypal.security.check.xyz,bad
http://customer.service.amazon.billing.payment.method.required.tk,bad
http://apple.icloud.storage.upgrade.account.verify.security.pw,bad
http://microsoft.office.activation.license.verify.account.ml,bad
http://netflix.billing.update.payment.verify.account.security.gq,bad
